id,fName,lName,email,username,password,average,speed,teamwork,clientInteraction,personal,rating
1,Adam , Abraham ,aabraham@yahoo.biz,aabrahamj1455,HW227MXG391L,3,4,4,3,1,4
2,Adrian , Allan ,aallan@yahoo.biz,aallann2045,CP622NRQ774Q,3,4,5,2,1,4
3,Alan , Alsop ,aalsop@yahoo.biz,aalsopi3440,CU898OJO899E,2.25,1,1,4,3,3
4,Alexander , Anderson ,aanderson@yahoo.biz,aandersony1783,HQ214YHF694F,2.5,2,1,2,5,2
5,Andrew , Arnold ,aarnold@yahoo.biz,aarnoldh7398,NK524TWX449I,2.5,1,1,5,3,3
6,Anthony , Avery ,aavery@yahoo.biz,aaverya8171,FW747QVS142W,3.25,5,1,4,3,4
7,Austin , Bailey ,abailey@yahoo.biz,abaileyh9606,NQ145ZND320Q,1.75,3,1,1,2,1
8,Benjamin , Baker ,bbaker@yahoo.biz,bbakerc4380,LO828BYN439I,3.25,5,5,2,1,4
9,Blake , Ball ,bball@yahoo.biz,bballo8716,WS525XNM699J,3,3,5,2,2,4
10,Boris , Bell ,bbell@yahoo.biz,bbella2533,SU328YRJ491I,2,3,1,1,3,2
11,Brandon , Berry ,bberry@yahoo.biz,bberryx9928,PL364ALL251T,2.75,4,2,1,4,2
12,Brian , Black ,bblack@yahoo.biz,bblackq7878,YE437KWL395L,2.75,2,4,2,3,3
13,Cameron , Blake ,cblake@yahoo.biz,cblakeo2195,AV735YJD748W,3.25,1,4,4,4,4
14,Carl , Bond ,cbond@yahoo.biz,cbondj3455,FM549MSK314U,2.75,3,1,4,3,3
15,Charles , Bower ,cbower@yahoo.biz,cbowerj2205,QZ971LYH955E,3.25,4,5,2,2,4
16,Christian , Brown ,cbrown@yahoo.biz,cbrowns5569,DT687DDI577J,3.25,3,3,3,4,4
17,Christopher , Buckland ,cbuckland@yahoo.biz,cbucklandx5020,PU178CPZ266U,3,2,2,5,3,4
18,Colin , Burgess ,cburgess@yahoo.biz,cburgesso4077,SK785CLY864A,2.75,4,1,1,5,2
19,Connor , Butler ,cbutler@yahoo.biz,cbutlerh9871,RU564CSJ870Z,3.75,2,3,5,5,5
20,Dan , Cameron ,dcameron@yahoo.biz,dcameronc8917,NU397XIO950B,2.25,5,1,1,2,2
21,David , Campbell ,dcampbell@yahoo.biz,dcampbellq5745,PA873POY859B,3,2,5,3,2,4
22,Dominic , Carr ,dcarr@yahoo.biz,dcarrw5239,NH487EZO958X,3.25,3,4,4,2,4
23,Dylan , Chapman ,dchapman@yahoo.biz,dchapmanv3354,CC663QYW293L,3,4,1,5,2,4
24,Edward , Churchill ,echurchill@yahoo.biz,echurchillc4964,FK236TJP333D,3,5,4,2,1,4
25,Eric , Clark ,eclark@yahoo.biz,eclarkt8872,TS697DQJ897I,1.75,1,2,2,2,2
26,Evan , Clarkson ,eclarkson@yahoo.biz,eclarksonz2819,SK281KCU463U,1.75,1,3,1,2,2
27,Frank , Coleman ,fcoleman@yahoo.biz,fcolemanz3244,GV416ZVY225C,1.75,1,3,1,2,2
28,Gavin , Cornish ,gcornish@yahoo.biz,gcornishn8647,ZQ593BKX350W,3.75,4,4,5,2,5
29,Gordon , Davidson ,gdavidson@yahoo.biz,gdavidsonu9501,SZ493LNH966D,2.75,3,2,4,2,3
30,Harry , Davies ,hdavies@yahoo.biz,hdaviesi5486,PV305KXC342A,4,5,2,5,4,5
31,Ian , Dickens ,idickens@yahoo.biz,idickensf5005,LL469SXT141R,3.5,3,5,2,4,4
32,Isaac , Dowd ,idowd@yahoo.biz,idowdz8404,DJ776FGH309A,2.75,1,2,3,5,3
33,Jack , Duncan ,jduncan@yahoo.biz,jduncang6362,PF755OJU689R,2,4,1,1,2,2
34,Jacob , Dyer ,jdyer@yahoo.biz,jdyere5202,YH468FFL177C,3.25,5,1,3,4,3
35,Jake , Edmunds ,jedmunds@yahoo.biz,jedmundsq4735,TQ423LAL781K,2.75,3,4,1,3,3
36,James , Ellison ,jellison@yahoo.biz,jellisont8542,WU337YZX192Y,4,1,5,5,5,5
37,Jason , Ferguson ,jferguson@yahoo.biz,jfergusonw6012,QS997CPI254D,3.75,2,5,3,5,5
38,Joe , Fisher ,jfisher@yahoo.biz,jfisherp6342,XJ416AAS855P,2.5,2,2,3,3,3
39,John , Forsyth ,jforsyth@yahoo.biz,jforsythv2539,RB787GQN530K,4.25,5,3,5,4,5
40,Jonathan , Fraser ,jfraser@yahoo.biz,jfraserw7413,MB151FAF747O,3.25,5,3,1,4,3
41,Joseph , Gibson ,jgibson@yahoo.biz,jgibsonu6350,QE624FRG416Q,3.25,4,5,3,1,5
42,Joshua , Gill ,jgill@yahoo.biz,jgillm7953,QP608YWP315A,2.5,3,3,1,3,3
43,Julian , Glover ,jglover@yahoo.biz,jgloverz7173,AU843XBG151P,3.5,4,4,2,4,4
44,Justin , Graham ,jgraham@yahoo.biz,jgrahami4026,YP229NEV357N,3.5,2,2,5,5,4
45,Keith , Grant ,kgrant@yahoo.biz,kgrants3449,QT932XCA497E,1.75,2,1,3,1,2
46,Kevin , Gray ,kgray@yahoo.biz,kgrayv1468,KQ237VPE224O,1.25,1,1,2,1,1
47,Leonard , Greene ,lgreene@yahoo.biz,lgreenee1723,GX273BNR575D,3.5,5,1,5,3,4
48,Liam , Hamilton ,lhamilton@yahoo.biz,lhamiltonc4208,QW460WUH376X,3.75,4,3,5,3,5
49,Lucas , Hardacre ,lhardacre@yahoo.biz,lhardacrez9404,ZU799DRA142D,2.75,2,2,4,3,3
50,Luke , Harris ,lharris@yahoo.biz,lharrisk2303,NM962AMV163R,2.75,1,3,3,4,3
51,Matt , Hart ,mhart@yahoo.biz,mharte9455,WJ122ALP870X,4,2,5,4,5,5
52,Max , Hemmings ,mhemmings@yahoo.biz,mhemmingsb9568,SN131DDX679L,3,3,4,1,4,3
53,Michael , Henderson ,mhenderson@yahoo.biz,mhendersonj3462,UK644XQG302X,3.5,5,2,5,2,4
54,Nathan , Hill ,nhill@yahoo.biz,nhillc7558,DK652SPM519D,3.25,5,2,5,1,4
55,Neil , Hodges ,nhodges@yahoo.biz,nhodgess5956,OQ127DYR173V,3,3,1,4,4,3
56,Nicholas , Howard ,nhoward@yahoo.biz,nhowardi2637,KA641IKW774C,3,4,2,4,2,4
57,Oliver , Hudson ,ohudson@yahoo.biz,ohudsono7009,ZH390MLZ265B,3.25,4,4,1,4,3
58,Owen , Hughes ,ohughes@yahoo.biz,ohughest1804,VJ366XJC493B,3.5,5,3,4,2,4
59,Paul , Hunter ,phunter@yahoo.biz,phuntero1550,JI370XMV377O,1.75,3,2,1,1,2
60,Peter , Ince ,pince@yahoo.biz,pincev3960,SY971BJR477E,3.25,5,4,2,2,4
61,Phil , Jackson ,pjackson@yahoo.biz,pjacksonm2718,DN602QZJ353N,1.25,1,2,1,1,1
62,Piers , James ,pjames@yahoo.biz,pjamesi2742,LS789WVR944S,2.75,1,5,3,2,4
63,Richard , Johnston ,rjohnston@yahoo.biz,rjohnstonb3549,UX631NQG110C,4.25,4,5,5,3,6
64,Robert , Jones ,rjones@yahoo.biz,rjonesm3350,OG937BUL235E,2,1,2,3,2,2
65,Ryan , Kelly ,rkelly@yahoo.biz,rkellyz3545,EZ619UML982P,2.5,4,1,4,1,3
66,Sam , Kerr ,skerr@yahoo.biz,skerrr1180,TT800KYV994M,3.25,5,3,1,4,3
67,Sean , King ,sking@yahoo.biz,skinga4539,SJ398TGG625I,2.5,2,4,1,3,3
68,Sebastian , Knox ,sknox@yahoo.biz,sknoxd5156,JV861AGD146V,3.25,1,5,2,5,4
69,Simon , Lambert ,slambert@yahoo.biz,slambertk9544,RQ650GGL443Z,3.75,4,2,4,5,4
70,Stephen , Langdon ,slangdon@yahoo.biz,slangdonu3464,WU285XKU444J,2.75,4,4,1,2,3
71,Steven , Lawrence ,slawrence@yahoo.biz,slawrencek9282,ZD526WFZ528I,4.75,5,5,5,4,6
72,Stewart , Lee ,slee@yahoo.biz,sleea8664,QF683BCG143U,3,5,2,4,1,4
73,Thomas , Lewis ,tlewis@yahoo.biz,tlewisc5703,DQ614PZG743Z,4,3,5,5,3,6
74,Tim , Lyman ,tlyman@yahoo.biz,tlymano2553,FO686KPT806B,3,2,3,4,3,4
75,Trevor , MacDonald ,tmacdonald@yahoo.biz,tmacdonaldm3289,TP754WLF357I,2.75,3,3,4,1,4
76,Victor , Mackay ,vmackay@yahoo.biz,vmackayl1833,SB926LTO638Y,4,2,4,5,5,5
77,Warren , Mackenzie ,wmackenzie@yahoo.biz,wmackenziei7728,FK126TTX930E,3.75,3,5,4,3,5
78,William , MacLeod ,wmacleod@yahoo.biz,wmacleodr3735,ZG184YCF944Y,2.75,5,1,3,2,3
79,Abigail , Manning ,amanning@yahoo.biz,amanningz6909,DL228CBW298L,3.25,2,5,3,3,4
80,Alexandra , Marshall ,amarshall@yahoo.biz,amarshalln3925,TG113EDV465C,2.5,3,3,2,2,3
81,Alison , Martin ,amartin@yahoo.biz,amartini6617,FB931WHI112C,2.5,3,1,4,2,3
82,Amanda , Mathis ,amathis@yahoo.biz,amathisu3551,DL369YHM538J,3.5,2,5,5,2,5
83,Amelia , May ,amay@yahoo.biz,amayt8372,DC487MEG270Y,3,5,2,3,2,3
84,Amy , McDonald ,amcdonald@yahoo.biz,amcdonaldy4067,BS796BIC396Z,3.5,4,2,5,3,4
85,Andrea , McLean ,amclean@yahoo.biz,amcleanu6476,FP395UWE443P,3.5,5,4,4,1,5
86,Angela , McGrath ,amcgrath@yahoo.biz,amcgratha9902,SS209IQP503Y,3,4,4,2,2,4
87,Anna , Metcalfe ,ametcalfe@yahoo.biz,ametcalfer6977,CT511IVR298X,3.5,5,1,5,3,4
88,Anne , Miller ,amiller@yahoo.biz,amillerr9421,KW357TFL825V,3,2,2,5,3,4
89,Audrey , Mills ,amills@yahoo.biz,amillss3665,QD270RZA587F,3.75,5,5,1,4,4
90,Ava , Mitchell ,amitchell@yahoo.biz,amitchellj5192,KI321LTM260X,3,3,2,3,4,3
91,Bella , Morgan ,bmorgan@yahoo.biz,bmorgang7471,DQ504ZED100T,3,5,2,2,3,3
92,Bernadette , Morrison ,bmorrison@yahoo.biz,bmorrisong6445,NZ960QQM606X,3.75,3,5,5,2,5
93,Carol , Murray ,cmurray@yahoo.biz,cmurraym7906,KF490NNL332T,3.75,2,5,4,4,5
94,Caroline , Nash ,cnash@yahoo.biz,cnashs1789,SQ245WQQ661H,4.5,4,5,5,4,6
95,Carolyn , Newman ,cnewman@yahoo.biz,cnewmann8626,IM802ANJ321I,3.5,5,4,2,3,4
96,Chloe , Nolan ,cnolan@yahoo.biz,cnolanf3561,GO842VUL519T,2.25,1,3,3,2,3
97,Claire , North ,cnorth@yahoo.biz,cnortho9136,GN965HOZ322U,4.5,5,5,4,4,6
98,Deirdre , Ogden ,dogden@yahoo.biz,dogdenl7852,JE915UGG100I,2,1,3,1,3,2
99,Diana , Oliver ,doliver@yahoo.biz,doliverg3583,OH618GYP957L,2.25,1,2,4,2,3
100,Diane , Paige ,dpaige@yahoo.biz,dpaigew9578,LZ162HAG886M,3,4,2,2,4,3
101,Donna , Parr ,dparr@yahoo.biz,dparrz5864,ZB239WAU717V,2.25,3,3,1,2,2
102,Dorothy , Parsons ,dparsons@yahoo.biz,dparsonsu3413,QG450JBH433O,3,5,1,2,4,3
103,Elizabeth , Paterson ,epaterson@yahoo.biz,epatersonv9015,DW234AXO959K,2.75,3,5,2,1,4
104,Ella , Payne ,epayne@yahoo.biz,epaynei7762,NU938HIL831M,2.25,2,5,1,1,3
105,Emily , Peake ,epeake@yahoo.biz,epeaket9900,VX274HIC191R,4.25,4,4,5,4,5
106,Emma , Peters ,epeters@yahoo.biz,epetersb3992,TU757XZL193X,3.75,1,5,5,4,5
107,Faith , Piper ,fpiper@yahoo.biz,fpiperh3496,FV838MGO580G,3,3,3,4,2,4
108,Felicity , Poole ,fpoole@yahoo.biz,fpoolec3445,SS772GWN830D,1.75,1,3,2,1,2
109,Fiona , Powell ,fpowell@yahoo.biz,fpowellm5450,UE291NUW914N,2,3,2,2,1,2
110,Gabrielle , Pullman ,gpullman@yahoo.biz,gpullmanr2025,AF831VDC458F,2.5,4,1,2,3,2
111,Grace , Quinn ,gquinn@yahoo.biz,gquinnh2397,WY320HQP756J,2.5,2,2,1,5,2
112,Hannah , Rampling ,hrampling@yahoo.biz,hramplingr6914,DL836BKZ150B,1.25,1,2,1,1,1
113,Heather , Randall ,hrandall@yahoo.biz,hrandalls5932,ZK703PBQ764K,3.25,2,2,4,5,4
114,Irene , Rees ,irees@yahoo.biz,ireesh1659,HC660FEG768I,3.25,3,5,3,2,4
115,Jan , Reid ,jreid@yahoo.biz,jreidf9509,PO582KQC418W,3,5,3,1,3,3
116,Jane , Roberts ,jroberts@yahoo.biz,jrobertsh1623,OO836VAM294T,1.75,1,3,2,1,2
117,Jasmine , Robertson ,jrobertson@yahoo.biz,jrobertsonl7467,OQ182YLS123V,3.5,1,5,3,5,4
118,Jennifer , Ross ,jross@yahoo.biz,jrosst6468,GK636XON990H,2.75,2,3,2,4,3
119,Jessica , Russell ,jrussell@yahoo.biz,jrussells4707,MR224ECO566L,1.75,3,1,2,1,2
120,Joan , Rutherford ,jrutherford@yahoo.biz,jrutherfordd6400,TR343WBG155I,2.25,3,2,3,1,3
121,Joanne , Sanderson ,jsanderson@yahoo.biz,jsandersons6416,TY718UHD887W,5,5,5,5,5,6
122,Julia , Scott ,jscott@yahoo.biz,jscottl9033,UH583PBH240A,3.5,2,5,3,4,4
123,Karen , Sharp ,ksharp@yahoo.biz,ksharpr3847,TT142LUA367S,2.25,2,4,1,2,3
124,Katherine , Short ,kshort@yahoo.biz,kshortu9852,ZD112QMQ882L,1.5,2,2,1,1,2
125,Kimberly , Simpson ,ksimpson@yahoo.biz,ksimpsonw9286,WN290IIN351L,2,5,1,1,1,2
126,Kylie , Skinner ,kskinner@yahoo.biz,kskinnera6360,RX369IGQ399M,2.75,1,3,3,4,3
127,Lauren , Slater ,lslater@yahoo.biz,lslaterr5328,AC747XZB746J,2.5,3,4,1,2,3
128,Leah , Smith ,lsmith@yahoo.biz,lsmithz1367,FB575MWJ193R,3,2,5,1,4,3
129,Lillian , Springer ,lspringer@yahoo.biz,lspringerl4133,ZA802KBK352P,3.75,4,4,5,2,5
130,Lily , Stewart ,lstewart@yahoo.biz,lstewartt9561,DF957TAG649V,2.75,1,5,4,1,4
131,Lisa , Sutherland ,lsutherland@yahoo.biz,lsutherlandg5970,EE298ICD180R,3,2,1,5,4,3
132,Madeleine , Taylor ,mtaylor@yahoo.biz,mtaylorx1085,IK364JKE951S,3,3,3,2,4,3
133,Maria , Terry ,mterry@yahoo.biz,mterryz1765,QS121DOW621G,2,2,3,2,1,3
134,Mary , Thomson ,mthomson@yahoo.biz,mthomsont9143,XY212KLI155K,4.25,3,4,5,5,5
135,Megan , Tucker ,mtucker@yahoo.biz,mtuckerl2643,YJ829WTG658V,2.5,1,3,3,3,3
136,Melanie , Turner ,mturner@yahoo.biz,mturnerz4203,EE488SNQ945E,2.75,3,3,3,2,3
137,Michelle , Underwood ,munderwood@yahoo.biz,munderwoodn4346,DH599AWG789H,2.5,3,1,4,2,3
138,Molly , Vance ,mvance@yahoo.biz,mvancem4080,QY577THY434C,3,4,1,4,3,3
139,Natalie , Vaughan ,nvaughan@yahoo.biz,nvaughank5476,UK207VKE432L,3.25,3,5,4,1,5
140,Nicola , Walker ,nwalker@yahoo.biz,nwalkeri1004,WZ217OIR354N,3.5,2,3,4,5,4
141,Olivia , Wallace ,owallace@yahoo.biz,owallacet4797,EO302XVM378P,2.5,5,1,2,2,2
142,Penelope , Walsh ,pwalsh@yahoo.biz,pwalshx9582,WV108XRA467E,2.25,1,3,2,3,3
143,Pippa , Watson ,pwatson@yahoo.biz,pwatsono9515,TH506EIS417N,2.75,4,1,5,1,4
144,Rachel , Welch ,rwelch@yahoo.biz,rwelchb4443,JZ387DJC878Z,2.5,1,3,1,5,2
145,Rebecca , White ,rwhite@yahoo.biz,rwhitem6865,MT243BYU758M,2.5,3,2,2,3,3
146,Rose , Wilkins ,rwilkins@yahoo.biz,rwilkinsd3861,IN584JVC592A,3.25,5,2,5,1,4
147,Ruth , Wilson ,rwilson@yahoo.biz,rwilsong9077,AP529HTR240I,1.75,2,3,1,1,2
148,Sally , Wright ,swright@yahoo.biz,swrightt3969,SW263UYK423F,2.5,4,2,3,1,3
149,Samantha , Young ,syoung@yahoo.biz,syoungz1044,BH599FBT172M,4,4,3,4,5,5
150,Sarah , Abraham ,sabraham@yahoo.biz,sabrahamt3445,TM554ZPZ550I,2.25,2,1,5,1,3
151,Sonia , Allan ,sallan@yahoo.biz,sallany2907,OO380RSI189T,4,5,3,4,4,5
152,Sophie , Alsop ,salsop@yahoo.biz,salsopm4602,BB915LXY788U,3.5,5,5,2,2,4
153,Stephanie , Anderson ,sanderson@yahoo.biz,sandersonm1657,XY134NDV522S,2.25,3,4,1,1,3
154,Sue , Arnold ,sarnold@yahoo.biz,sarnolda2089,BO875YDE929H,3,3,3,2,4,3
155,Theresa , Avery ,tavery@yahoo.biz,taveryi6017,AN989SJF430K,2.5,1,2,4,3,3
156,Tracey , Bailey ,tbailey@yahoo.biz,tbaileyz3373,ZW142GZH159N,3.75,3,3,5,4,5
157,Una , Baker ,ubaker@yahoo.biz,ubakerf4574,PO255QUX854L,2,2,1,4,1,3
158,Vanessa , Ball ,vball@yahoo.biz,vballq8525,BM638ENS971B,4,4,3,5,4,5
159,Victoria , Bell ,vbell@yahoo.biz,vbellc7344,IB936PTF929K,3.5,5,2,5,2,4
160,Virginia , Berry ,vberry@yahoo.biz,vberryy1846,YG544VHA794V,4,4,5,4,3,5
161,Wanda , Black ,wblack@yahoo.biz,wblackl6354,UF657JAH742R,3,3,5,1,3,4
162,Wendy , Blake ,wblake@yahoo.biz,wblakeh7438,LQ950JTX752O,2.75,1,1,5,4,3
163,Yvonne , Bond ,ybond@yahoo.biz,ybondh9722,MU502RMR552Z,2.5,3,1,1,5,2
164,Zoe , Bower ,zbower@yahoo.biz,zboweri7443,GE798MSP644M,3.5,2,5,2,5,4
165,Austin , Brown ,abrown@yahoo.biz,abrowne2418,ZT994GCU339L,3.5,3,4,3,4,4
166,Benjamin , Buckland ,bbuckland@yahoo.biz,bbucklandz5712,CE491WLL547O,3,3,1,3,5,3
167,Blake , Burgess ,bburgess@yahoo.biz,bburgessm3237,IY458LCC204Z,2.75,3,5,1,2,3
168,Boris , Butler ,bbutler@yahoo.biz,bbutlero9528,LY296HLR547C,3,3,4,2,3,4
169,Brandon , Payne ,bpayne@yahoo.biz,bpaynep2315,MA132RRM753I,3.25,5,1,5,2,4
170,Brian , Peake ,bpeake@yahoo.biz,bpeaken8719,YV844QBW165B,4,4,4,4,4,5
171,Cameron , Peters ,cpeters@yahoo.biz,cpetersa6760,OP295GUQ787U,3.25,4,4,4,1,5
172,Carl , Piper ,cpiper@yahoo.biz,cpiperf1244,ZY810QKB216Q,2.75,4,1,1,5,2
173,Charles , Poole ,cpoole@yahoo.biz,cpoolev2127,TY381AQO520F,3.75,3,4,3,5,4
174,Christian , Powell ,cpowell@yahoo.biz,cpowells3177,KI950YOZ433N,2.5,2,4,2,2,3
175,Christopher , Pullman ,cpullman@yahoo.biz,cpullmanh8951,PG158IGV791C,1.75,2,2,2,1,2
176,Colin , Quinn ,cquinn@yahoo.biz,cquinnf1511,SJ929IDV436G,4.25,4,5,4,4,5
177,Connor , Rampling ,crampling@yahoo.biz,cramplinge6375,KZ437OIN203W,3.25,5,1,2,5,3
178,Samantha , Randall ,srandall@yahoo.biz,srandalld4598,QJ523DWZ726O,1.25,1,1,1,2,1
179,Sarah , Avery ,savery@yahoo.biz,saveryc8563,NK243XHT598V,3.5,3,4,5,2,5
180,Sonia , Bailey ,sbailey@yahoo.biz,sbaileyg9110,PA804QUY139G,2.5,2,2,2,4,2
181,Sophie , Baker ,sbaker@yahoo.biz,sbakery4791,NV474DWQ932W,2.25,5,2,1,1,2
182,Stephanie , Ball ,sball@yahoo.biz,sbally1695,KL640WWR612W,3.75,5,3,2,5,4
183,Sue , Bell ,sbell@yahoo.biz,sbelld7457,IT107MVE647T,3.25,1,3,5,4,4
184,Theresa , Berry ,tberry@yahoo.biz,tberryu1702,ZN229MDE829Z,3.5,5,3,1,5,3
185,Tracey , Black ,tblack@yahoo.biz,tblacku8326,HL636QNA508G,2,3,1,2,2,2
186,Una , Blake ,ublake@yahoo.biz,ublakej4718,NW377DZY633Q,4.25,5,5,3,4,5
187,Vanessa , Bond ,vbond@yahoo.biz,vbondr8518,AX401CFY688G,3.5,4,3,2,5,4
188,Victoria , Bower ,vbower@yahoo.biz,vbowera5249,BK641MXK590H,3.5,4,3,5,2,5
189,Virginia , Abraham ,vabraham@yahoo.biz,vabrahams2240,KG872NXH397U,3.5,3,4,5,2,5
190,Wanda , Allan ,wallan@yahoo.biz,wallanj5438,AE228VSH574M,4,5,1,5,5,4
191,William , Alsop ,walsop@yahoo.biz,walsopo4783,IZ817YFD476Q,3,5,2,1,4,3
192,Abigail , Anderson ,aanderson@yahoo.biz,aandersony2788,XM702YVD869B,3.75,4,5,3,3,5
193,Alexandra , Arnold ,aarnold@yahoo.biz,aarnoldw4044,NV235OCT178A,1.25,2,1,1,1,1
194,Alison , Avery ,aavery@yahoo.biz,aaveryj1738,NU979TSB308C,3.5,3,2,4,5,4
195,Amanda , Bailey ,abailey@yahoo.biz,abaileyy9541,KG579BRW303R,2.75,1,4,4,2,4
196,Brandon , Baker ,bbaker@yahoo.biz,bbakerx1853,FT577GCD680F,4.25,3,5,5,4,6
197,Brian , Dyer ,bdyer@yahoo.biz,bdyerl8676,KZ228OYE206R,2.5,2,1,5,2,3
198,Cameron , Edmunds ,cedmunds@yahoo.biz,cedmundsr7335,PH869ECW538P,2.5,3,2,4,1,3
199,Carl , Ellison ,cellison@yahoo.biz,cellisonf1142,BS644SES582U,3.75,4,3,4,4,4
200,Charles , Ferguson ,cferguson@yahoo.biz,cfergusond2052,MW701BSX848Z,3.25,3,4,5,1,5
201,Christian , Fisher ,cfisher@yahoo.biz,cfisherl5843,PX670GYK435Z,3,3,3,4,2,4
202,Christopher , Forsyth ,cforsyth@yahoo.biz,cforsythx8705,XQ670SYR884W,3.5,3,4,3,4,4
203,Colin , Fraser ,cfraser@yahoo.biz,cfraseru5055,MW144ORM803O,3.75,4,3,5,3,5
204,Jordan , Gibson ,jgibson@yahoo.biz,jgibsonr6934,NX914ZJR127J,3.25,3,3,2,5,3
205,Terry , Gill ,tgill@yahoo.biz,tgille3963,BL628EFU850M,3.25,4,2,3,4,3
206,Cole , Glover ,cglover@yahoo.biz,cglovers3208,JQ546PWN517X,3,2,3,3,4,3
207,Ciaran , Graham ,cgraham@yahoo.biz,cgrahamn7568,YR718IEE662L,1.5,2,2,1,1,2
208,Kimberly , Grant ,kgrant@yahoo.biz,kgrants1200,HU327FPH976W,3.25,3,4,1,5,3
209,Kylie , Gray ,kgray@yahoo.biz,kgrays4733,ER118XIA945N,3,2,4,5,1,5
210,Lauren , Greene ,lgreene@yahoo.biz,lgreenej2451,NZ380JFX569P,3.25,5,4,3,1,4
211,Leah , Hamilton ,lhamilton@yahoo.biz,lhamiltonz8686,MX704WUB392W,2,3,1,1,3,2
212,Lillian , Hardacre ,lhardacre@yahoo.biz,lhardacreh9922,VJ920QUJ665O,2.5,1,2,2,5,2
213,Lily , Alsop ,lalsop@yahoo.biz,lalsopk5375,DF161KIM352N,4.75,5,5,4,5,6
214,Lisa , Anderson ,landerson@yahoo.biz,landersonr5002,YG102DUH612T,3,2,4,3,3,4
215,Andrew , Arnold ,aarnold@yahoo.biz,aarnoldy9847,IP737ILB244B,2.25,5,1,1,2,2
216,Anthony , Avery ,aavery@yahoo.biz,aaveryr5574,EP891UZD880V,4,3,5,3,5,5
217,Austin , Bailey ,abailey@yahoo.biz,abaileyu1798,AB397OTH211H,3,1,3,3,5,3
218,Benjamin , Baker ,bbaker@yahoo.biz,bbakert6614,RC877PKQ106A,1.5,2,1,2,1,2
219,Blake , Ball ,bball@yahoo.biz,bballl8222,PZ335WLZ182L,1.5,2,1,1,2,1
220,Boris , Bell ,bbell@yahoo.biz,bbellz6081,FQ391JHY229I,2.25,5,1,2,1,2
221,Brandon , Berry ,bberry@yahoo.biz,bberryi6494,XD134PEV964R,3.5,4,4,1,5,4
222,Brian , Black ,bblack@yahoo.biz,bblacky9431,VT158LAU104E,2.75,2,3,1,5,3
223,Cameron , Blake ,cblake@yahoo.biz,cblakeu5644,LS990XSD774P,2.5,1,2,4,3,3
224,Julian , Bond ,jbond@yahoo.biz,jbondq3244,TE114ETI346B,3.5,2,4,3,5,4
225,Justin , Altman ,jaltman@yahoo.biz,jaltmanb2996,XX597URU426B,3,3,5,3,1,4
226,Keith , Youth ,kyouth@yahoo.biz,kyouthw4568,ZR134YWD977S,3.25,2,4,3,4,4
227,Kevin , Yo ,kyo@yahoo.biz,kyov7772,PK484DOC526T,4,4,3,5,4,5
228,Leonard , Yang ,lyang@yahoo.biz,lyangn1540,UU801ESQ940E,2.25,2,4,2,1,3
229,Liam , Clarkson ,lclarkson@yahoo.biz,lclarksons6953,HZ836QEP574M,3,4,4,1,3,3
230,Lucas , Coleman ,lcoleman@yahoo.biz,lcolemanc2643,WW117CQJ467H,3.75,5,5,4,1,5
231,Luke , Cornish ,lcornish@yahoo.biz,lcornishn8784,YS712YVV215W,3.5,2,3,5,4,4
232,Matt , Davidson ,mdavidson@yahoo.biz,mdavidsonl6283,IE843LYR661U,3.5,4,3,4,3,4
233,Max , Davies ,mdavies@yahoo.biz,mdaviesd2278,TH964QXY987G,2.5,4,2,1,3,2
234,Benjamin , Dickens ,bdickens@yahoo.biz,bdickensx1972,MR727QFE912C,3.75,5,2,3,5,4
235,Blake , Dowd ,bdowd@yahoo.biz,bdowdg8261,ZO670ELD718E,1.5,1,1,1,3,1
236,Boris , Duncan ,bduncan@yahoo.biz,bduncant7606,TX932YBH644B,3,4,2,2,4,3
237,Brandon , Dyer ,bdyer@yahoo.biz,bdyerw2541,BH507LWX912G,3.5,5,5,2,2,4
238,Brian , Smith ,bsmith@yahoo.biz,bsmithc2367,IU579AUH554U,2,1,1,2,4,2
239,Cameron , Coal ,ccoal@yahoo.biz,ccoalf6019,JI243XXN848Q,2.25,1,4,1,3,3
240,Carl , Doe ,cdoe@yahoo.biz,cdoer5579,NO525VEZ701J,2.5,3,1,3,3,3
241,Charles , He ,che@yahoo.biz,chev2505,RU648CQI343P,3.75,4,5,4,2,5
242,Christian , Timus ,ctimus@yahoo.biz,ctimust1437,JU710SBM683N,1.5,1,1,1,3,1
243,Christopher , Yeller ,cyeller@yahoo.biz,cyellerk9116,QP159YUG508O,3.25,3,3,3,4,4
244,Victoria , Tailor ,vtailor@yahoo.biz,vtailorb3905,AB141GBF804J,2.25,2,3,2,2,3
245,Virginia , Arnt ,varnt@yahoo.biz,varntp9141,HJ802EXP231K,3.25,2,5,3,3,4
246,Wanda , Gomes ,wgomes@yahoo.biz,wgomeso9185,IL729WRR516U,2,1,1,5,1,3
247,William , Rushit ,wrushit@yahoo.biz,wrushitx6416,HH342QCV921H,2.5,1,2,3,4,3
248,Abigail , Carry ,acarry@yahoo.biz,acarryn1043,ZW971EHD256F,2.75,4,5,1,1,4
249,Alexandra , Baue ,abaue@yahoo.biz,abauem5487,PL459DVH825R,3.25,5,4,2,2,4
250,Alison , Timmus ,atimmus@yahoo.biz,atimmust7073,CM976HRY969E,3,3,2,4,3,4
